<oneoff_actions>
    <oracle.integration.soainfra version="11.1.1.5.0" opt_req="O">
        <copy name="DBAdapter.jar" path="%ORACLE_HOME%/soa/modules/oracle.soa.adapter_11.1.1" file_name="soa/modules/oracle.soa.adapter_11.1.1/DBAdapter.jar"/>
    </oracle.integration.soainfra>
    <oracle.osb.server version="11.1.1.5.0" opt_req="O">
        <copy name="DbAdapter.rar" path="%ORACLE_HOME%/soa/connectors" file_name="soa/connectors/DbAdapter.rar" update_timestamp="true"/>
    </oracle.osb.server>
    <oracle.soa.common.adapters version="11.1.1.5.0" opt_req="O">
        <copy name="DbAdapter.rar" path="%ORACLE_HOME%/soa/connectors" file_name="soa/connectors/DbAdapter.rar" update_timestamp="true"/>
        <copy name="AppsAdapter.rar" path="%ORACLE_HOME%/soa/connectors" file_name="soa/connectors/AppsAdapter.rar" update_timestamp="true"/>
    </oracle.soa.common.adapters>
</oneoff_actions>