<oneoff_inventory>
    <opack_version version="11.1.0.4.0"/>
    <patch_id number="16278786"/>
    <minimum_opatch_version>11.1.0.8.3</minimum_opatch_version>
    <unique_patch_id>16478185</unique_patch_id>
    <date_of_patch year="2013" month="Jun" day="19" time="16:10:04 hrs" zone="PST8PDT"/>
    <base_bugs>
        <bug number="16278786" description="DESIGN TIME ERROR IN JDEVELOPER 11.1.1.5 WHEN INTEGRATING DB ADAPTER WITH MICROS"/>
    </base_bugs>
    <required_components>
        <component internal_name="oracle.integration.soainfra" version="11.1.1.5.0" opt_req="O"/>
        <component internal_name="oracle.osb.server" version="11.1.1.5.0" opt_req="O"/>
        <component internal_name="oracle.soa.common.adapters" version="11.1.1.5.0" opt_req="O"/>
    </required_components>
    <os_platforms>
        <platform name="Generic Platform 1" id="0"/>
    </os_platforms>
    <executables></executables>
    <instance_shutdown>true</instance_shutdown>
    <instance_shutdown_message></instance_shutdown_message>
    <online_rac_installable>false</online_rac_installable>
    <run_as_root>false</run_as_root>
    <sql_migrate>false</sql_migrate>
    <wls_prereq_oneoffs></wls_prereq_oneoffs>
    <prereq_oneoffs></prereq_oneoffs>
    <coreq_oneoffs></coreq_oneoffs>
    <overlay_oneoffs></overlay_oneoffs>
    <patch_type value="singleton"/>
    <product_family value="fmw"/>
    <auto>true</auto>
    <applicable_product value=""/>
    <products></products>
    <update_components></update_components>
</oneoff_inventory>
